Commune (1er et 2ème volet),Département (1er et 2ème volet),Thème (2ème volet),Accroche (1er volet),Texte explicatif (2ème volet),lien url RLT
Saint-Martin- de-crau,Bouches-du-Rhône,Agriculture,Observez comment l'agriculture irriguée redessine nos paysages,Irriguer un champ permet d'apporter de l'eau artificiellement aux cultures pour optimiser les récoltes notamment en cas de sécheresse. L’irrigation agricole est une technique utilisée par la commune de Saint-Martin-de-Crau par exemple.,https://remonterletemps.ign.fr/comparer/basic?x=4.896852&y=43.632783&z=16&layer1=ORTHOIMAGERY.ORTHOPHOTOS.1950-1965&layer2=ORTHOIMAGERY.ORTHOPHOTOS&mode=vSlider
Brienne,Saône-et-Loire,Agriculture,Observez l'impact de l'agriculture intensive sur nos paysages agricoles ,"Après la seconde guerre mondiale, les petites parcelles agricoles sont regroupées en exploitations plus grandes et mécanisées. Résultat ? Ce regroupement transforme les sols et le paysage français : des haies, des bosquets et des mares sont rayés de la carte. <br/>Source : agriculture.gouv.fr",https://remonterletemps.ign.fr/comparer/basic?x=5.035644&y=46.559096&z=15&layer1=ORTHOIMAGERY.ORTHOPHOTOS.1950-1965&layer2=ORTHOIMAGERY.ORTHOPHOTOS&mode=vSlider
Saint-Célerin,Sarthe,Agriculture,Observez l'impact de l'agriculture intensive sur nos paysages agricoles ,"Après la seconde guerre mondiale, les petites parcelles agricoles sont regroupées en exploitations plus grandes et mécanisées. Résultat ? Ce regroupement transforme les sols et le paysage français : des haies, des bosquets et des mares sont rayés de la carte. <br/>Source : agriculture.gouv.fr",https://remonterletemps.ign.fr/comparer/basic?x=0.422775&y=48.119918&z=15&layer1=ORTHOIMAGERY.ORTHOPHOTOS.1950-1965&layer2=ORTHOIMAGERY.ORTHOPHOTOS&mode=vSlider
Pacé,Ille-et-Vilaine,Agriculture,Observez l'impact de l'agriculture intensive sur nos paysages agricoles ,"Après la seconde guerre mondiale, les petites parcelles agricoles sont regroupées en exploitations plus grandes et mécanisées. Résultat ? Ce regroupement transforme les sols et le paysage français : des haies, des bosquets et des mares sont rayés de la carte. <br/>Source : agriculture.gouv.fr",https://remonterletemps.ign.fr/comparer/basic?x=-1.802013&y=48.140239&z=15&layer1=ORTHOIMAGERY.ORTHOPHOTOS.1950-1965&layer2=ORTHOIMAGERY.ORTHOPHOTOS&mode=vSlider
Valdallière,Calvados,Agriculture,Observez l'impact de l'agriculture intensive sur nos paysages agricoles ,"Après la seconde guerre mondiale, les petites parcelles agricoles sont regroupées en exploitations plus grandes et mécanisées. Résultat ? Ce regroupement transforme les sols et le paysage français : des haies, des bosquets et des mares sont rayés de la carte. <br/>Source : agriculture.gouv.fr",https://remonterletemps.ign.fr/comparer/basic?x=-0.744725&y=48.863525&z=16&layer1=ORTHOIMAGERY.ORTHOPHOTOS.1950-1965&layer2=ORTHOIMAGERY.ORTHOPHOTOS&mode=vSlider
Beaubourg - Paris,Ile de France,Aménagement du territoire,Observez le quartier avant la construction du Centre Pompidou,"En 1969, le président Georges Pompidou décide de doter la France d'un centre d'art moderne et contemporain inédit. Des travaux de construction titanesques commencent en 1972 au coeur de la capitale. Le centre est inauguré en 1977 et devient rapidement l’un des cinq monuments parisiens les plus fréquentés. <br/>Source : centrepompidou.fr",https://remonterletemps.ign.fr/comparer/basic?x=2.352470&y=48.860428&z=17&layer1=ORTHOIMAGERY.ORTHOPHOTOS.1950-1965&layer2=ORTHOIMAGERY.ORTHOPHOTOS&mode=vSlider
Forum des Halles - Paris,Ile de France,Aménagement du territoire,Savez-vous à quoi ressemblaient les anciennes Halles de Paris ?,"Situé au cœur de Paris, le quartier des Halles a connu plusieurs transformations. En 1969, les Halles sont transférées à Rungis entrainant dix ans de travaux de démolition et de réaménagement pour créer le forum des Halles. De 2010 à 2016, un vaste chantier de rénovation est lancé : c'est la création de la canopée. Jardin rénové, cours piéton, patio ouvert, ... la canopée redessine complètement le paysage urbain.<br/>Source : paris.fr",https://remonterletemps.ign.fr/comparer/basic?x=2.346381&y=48.861673&z=17&layer1=ORTHOIMAGERY.ORTHOPHOTOS.1950-1965&layer2=ORTHOIMAGERY.ORTHOPHOTOS&mode=vSlider
La Défense,Hauts-de-Seine,Aménagement du territoire,Savez-vous à quoi ressemblait le quartier de la Défense avant 1950 ?,"Difficile d'imaginer un rond-point à la place du deuxième quartier d'affaires d'Europe, et pourtant c'est bien là que Paris la Défense va prendre racine dans les années 50-60. Initialement prévu pour organiser de grandes expositions sous la voute spectaculaire du CNIT, le quartier se métamorphose rapidement : des tours, des immeubles, des commerces sortent de terre modifiant considérablement le paysage de l'Ouest parisien.<br/>Source : parisladefense.com",https://remonterletemps.ign.fr/comparer/basic?x=2.238723&y=48.890845&z=15&layer1=ORTHOIMAGERY.ORTHOPHOTOS.1950-1965&layer2=ORTHOIMAGERY.ORTHOPHOTOS&mode=vSlider
Homécourt,Meurthe-et-Moselle,Aménagement du territoire,Observez l'effet de la désindustrialisation sur le territoire français,"A partir des années 1970, la France connait une crise industrielle qui frappe notamment le secteur de la sidérurgie. Des usines ferment, c'est le cas du haut-fourneau d'Homécourt en 1983. Cette période de désindustrialisation marque la fin de l’acier fabriqué en Lorraine.",https://remonterletemps.ign.fr/comparer/basic?x=6.000842&y=49.221617&z=16&layer1=ORTHOIMAGERY.ORTHOPHOTOS.1950-1965&layer2=ORTHOIMAGERY.ORTHOPHOTOS&mode=vSlider
Herserange,Meurthe-et-Moselle,Aménagement du territoire,Observez l'effet de la désindustrialisation sur le territoire français,"A partir des années 1970, la France connait une crise industrielle qui frappe notamment le secteur de la sidérurgie. Des usines ferment à l’exemple du haut-fourneau d'Herserange en 1988. Cette période de désindustrialisation marque la fin de l’acier fabriqué en Lorraine.<br/>Source : mairie-herserange.fr",https://remonterletemps.ign.fr/comparer/basic?x=5.785682&y=49.516083&z=15&layer1=ORTHOIMAGERY.ORTHOPHOTOS.1950-1965&layer2=ORTHOIMAGERY.ORTHOPHOTOS&mode=vSlider
Dunkerque,Nord,Aménagement du territoire,Observez l'empreinte industrielle sur le littoral dunkerquois,"Dans les années 1950, l’État décide d’implanter une usine sidérurgique à Dunkerque. Le principe est simple : s’installer au bord de mer pour importer la matière et l’exploiter sur place.
Le défi est colossal. Dix ans plus tard, une gigantesque usine (l’actuelle ArcelorMittal) est construite sur 450 hectares de sable en un temps record. <br/>Source : ville-dunkerque.fr",https://remonterletemps.ign.fr/comparer/basic?x=2.310292&y=51.039333&z=14&layer1=ORTHOIMAGERY.ORTHOPHOTOS.1950-1965&layer2=ORTHOIMAGERY.ORTHOPHOTOS&mode=vSlider
Blagnac - Site Airbus,Haute-Garonne,Aménagement du territoire,Observez le développement du site d’Airbus au fil du temps,"Airbus est né d’une coopération européenne en 1969. 50 ans plus tard, le géant de l’aéronautique devient le premier site industriel français et s’étend sur près de 700 hectares à cheval sur les communes de Toulouse, Blagnac, Colomiers et Cornebarrieu. Si Airbus produit la moitié des grands avions commerciaux dans le monde, il intervient également dans les domaines de la défense et de l'espace.<br/>Source : Airbus",https://remonterletemps.ign.fr/comparer/basic?x=1.361064&y=43.617067&z=15&layer1=ORTHOIMAGERY.ORTHOPHOTOS.1950-1965&layer2=ORTHOIMAGERY.ORTHOPHOTOS&mode=hSlider
Saran,Loiret,Aménagement du territoire,Observez l'implantation d'Amazon dans la commune de Saran,"En 2007, le premier site logistique d'Amazon France est inauguré dans la commune de Saran par son PDG, Jeff Bezos. Ce gigantesque entrepôt s'étend sur 70 000 m², soit l'équivalent de 583 terrains de football !<br/>Source : amazon.fr",https://remonterletemps.ign.fr/comparer/basic?x=1.847035&y=47.960636&z=15&layer1=ORTHOIMAGERY.ORTHOPHOTOS2000-2005&layer2=ORTHOIMAGERY.ORTHOPHOTOS&mode=hSlider
La Grande Motte,Hérault,Aménagement du territoire,Observez l'empreinte du tourisme sur la côte méditerranéenne,"L’exemple de la Grand-Motte illustre bien l’impact des activités touristiques sur le paysage, et le phénomène d’urbanisation du littoral qui s’est intensifié dans les années 1960. Cette station balnéaire est l’une des plus importantes réalisées en Europe pendant les Trente glorieuses.<br/>Source : IGN",https://remonterletemps.ign.fr/comparer/basic?x=4.082285&y=43.561391&z=14&layer1=ORTHOIMAGERY.ORTHOPHOTOS.1950-1965&layer2=ORTHOIMAGERY.ORTHOPHOTOS&mode=vSlider
Le Grau-du-Roi,Gard,Aménagement du territoire,Observez l'empreinte du tourisme sur la côte méditerranéenne,"La station balnéaire de Grau-du-Roi illustre bien l’impact des activités touristiques sur le paysage, et le phénomène d’urbanisation du littoral qui s’est intensifié dans les années 1960. <br/>Source : IGN",https://remonterletemps.ign.fr/comparer/basic?x=4.143648&y=43.515942&z=15&layer1=ORTHOIMAGERY.ORTHOPHOTOS.1950-1965&layer2=ORTHOIMAGERY.ORTHOPHOTOS&mode=vSlider
Gruissan,Aude,Aménagement du territoire,Observez l'empreinte du tourisme sur la côte méditerranéenne,"La station balnéaire de Gruissan illustre bien l’impact des activités touristiques sur le paysage, et le phénomène d’urbanisation du littoral qui s’est intensifié dans les années 1960. <br/>Source : IGN",https://remonterletemps.ign.fr/comparer/basic?x=3.112611&y=43.099544&z=15&layer1=ORTHOIMAGERY.ORTHOPHOTOS.1950-1965&layer2=ORTHOIMAGERY.ORTHOPHOTOS&mode=hSlider
Leucate,Aude,Aménagement du territoire,Observez l'empreinte du tourisme sur la côte méditerranéenne,"La station balnéaire de Port-Leucate illustre bien l’impact des activités touristiques sur le paysage, et le phénomène d’urbanisation du littoral qui s’est intensifié dans les années 1960. <br/>Source : IGN",https://remonterletemps.ign.fr/comparer/basic?x=3.032209&y=42.829919&z=14&layer1=ORTHOIMAGERY.ORTHOPHOTOS.1950-1965&layer2=ORTHOIMAGERY.ORTHOPHOTOS&mode=hSlider
Le Barcarès,Pyrénées-Orientales,Aménagement du territoire,Observez l'empreinte du tourisme sur la côte méditerranéenne,"La station balnéaire de Barcarès illustre bien l’impact des activités touristiques sur le paysage, et le phénomène d’urbanisation du littoral qui s’est intensifié dans les années 1960. <br/>Source : IGN",https://remonterletemps.ign.fr/comparer/basic?x=3.031786&y=42.797564&z=14&layer1=ORTHOIMAGERY.ORTHOPHOTOS.1950-1965&layer2=ORTHOIMAGERY.ORTHOPHOTOS&mode=hSlider
Seignosse,Landes,Aménagement du territoire,Observez l'empreinte du tourisme sur la côte atlantique,"La station balnéaire de Seignosse illustre bien l’impact des activités touristiques sur le paysage, et le phénomène d’urbanisation du littoral qui s’est intensifié dans les années 1960. <br/>Source : IGN",https://remonterletemps.ign.fr/comparer/basic?x=-1.434485&y=43.698876&z=15&layer1=ORTHOIMAGERY.ORTHOPHOTOS.1950-1965&layer2=ORTHOIMAGERY.ORTHOPHOTOS&mode=vSlider
Soustons,Landes,Aménagement du territoire,Observez l'empreinte du tourisme sur la côte atlantique,"Le lac du port d'Albret est un lac artificiel créé dans les années 1970 sur une ancienne zone marécageuse pour répondre à l'essor du tourisme. Des travaux gigantesques qui vont durer 5 ans.<br/>Source : IGN",https://remonterletemps.ign.fr/comparer/basic?x=-1.407172&y=43.778054&z=15&layer1=ORTHOIMAGERY.ORTHOPHOTOS.1950-1965&layer2=ORTHOIMAGERY.ORTHOPHOTOS&mode=vSlider
Royan,Charente-Maritime,Aménagement du territoire,Observez la métamorphose du port de Royan au fil du temps,"Depuis sa reconstruction dans les années 1950, le port de Royan a constamment évolué pour répondre à l'essor des activités de plaisance et offrir de nouveaux services à ses usagers.<br/>Source : ville-royan.fr",https://remonterletemps.ign.fr/comparer/basic?x=-1.029096&y=45.619292&z=16&layer1=ORTHOIMAGERY.ORTHOPHOTOS.1950-1965&layer2=ORTHOIMAGERY.ORTHOPHOTOS&mode=vSlider
Bourg-Saint-Maurice,Savoie,Aménagement du territoire,Observez l'empreinte du tourisme dans les Alpes,"Espace encore vierge à la fin des années 1960, la montagne est devenue un lieu de loisirs et de résidence avec l’essor du ski. De 1968 à 2003, de grands travaux sont lancés pour construire quatre stations de ski dans les Alpes dont la station Arc 2000 qui voit le jour en 1979.<br />Le saviez-vous ? Arc 2000 se situe en fait à environ 2 100 m d’altitude.<br/>Source : lesarcs.com",https://remonterletemps.ign.fr/comparer/basic?x=6.829616&y=45.570768&z=15&layer1=ORTHOIMAGERY.ORTHOPHOTOS.1950-1965&layer2=ORTHOIMAGERY.ORTHOPHOTOS&mode=vSlider
Crouesty,Morbihan,Aménagement du territoire,Observez l'empreinte du tourisme sur la côte atlantique,"Le port de plaisance du Crouesty créé en 1973 dans le Golfe du Morbihan illustre bien l’impact des activités touristiques sur le paysage, et le phénomène d’urbanisation du littoral qui s’est intensifié dans les années 1960. <br/>Source : IGN",https://remonterletemps.ign.fr/comparer/basic?x=-2.895799&y=47.542714&z=16&layer1=ORTHOIMAGERY.ORTHOPHOTOS.1950-1965&layer2=ORTHOIMAGERY.ORTHOPHOTOS&mode=vSlider
Piriac-sur-Mer,Loire-Atlantique,Aménagement du territoire,Observez l'empreinte du tourisme sur la côte atlantique,"Piriac-sur-Mer a longtemps été un petit port d’échouage. Pour répondre aux nouvelles attentes des plaisanciers, le port connaît une première phase d’aménagement en 1997 : une partie du port est transformée en bassin à flot doté de 500 places. Fort de ce succès, le bassin est agrandi en 2003 modifiant encore le paysage du littoral.<br/>Source : nantesstnazaire.cci.fr",https://remonterletemps.ign.fr/comparer/basic?x=-2.544011&y=47.381743&z=16&layer1=ORTHOIMAGERY.ORTHOPHOTOS.1950-1965&layer2=ORTHOIMAGERY.ORTHOPHOTOS&mode=vSlider
Fos-sur-Mer,Bouches-du-Rhône,Aménagement du territoire,Observez l'empreinte du tourisme sur la côte atlantique,"Le port de plaisance de Fos-sur-Mer illustre bien l’impact des activités touristiques sur le paysage, et le phénomène d’urbanisation du littoral qui s’est intensifié dans les années 1960. <br/>Source : IGN",https://remonterletemps.ign.fr/comparer/basic?x=4.941319&y=43.428116&z=16&layer1=ORTHOIMAGERY.ORTHOPHOTOS.1950-1965&layer2=ORTHOIMAGERY.ORTHOPHOTOS&mode=vSlider
Pierrelatte,Drôme,Aménagement du territoire,Observez la construction du site nucléaire du Tricastin,"Le site nucléaire de Tricastin se compose d'une centrale nucléaire dotée de quatre réacteurs mis en service en 1980-1981, et d'un centre d'enrichissement de l'uranium. Le site s'étend sur 650 hectares répartis sur quatre communes : Saint-Paul-Trois-Châteaux et Pierrelatte dans la Drôme, Bollène et Lapalud dans le Vaucluse.<br/>Source : ville-saintpaultroischateaux.fr",https://remonterletemps.ign.fr/comparer/basic?x=4.720807&y=44.327410&z=14&layer1=ORTHOIMAGERY.ORTHOPHOTOS.1950-1965&layer2=ORTHOIMAGERY.ORTHOPHOTOS2006-2010&mode=vSlider
Villejust,Essonne,Aménagement du territoire,Observez la construction du poste de transformation électrique de Villejust,"Le saviez-vous ? Implanté dans les années 1960, le poste de transformation électrique de Villejust est le plus grand d'Europe",https://remonterletemps.ign.fr/comparer/basic?x=2.230096&y=48.675649&z=16&layer1=ORTHOIMAGERY.ORTHOPHOTOS.1950-1965&layer2=ORTHOIMAGERY.ORTHOPHOTOS&mode=vSlider
La Plagne,Savoie,Aménagement du territoire,Observez la piste olympique de bobsleigh ,"L'organisation de jeux olympiques est l'occasion de construire de nouvelles infrastructures. C'est le cas de la piste de Bobsleigh de La Plagne construite en 1992 à l'occasion des jeux olympiques d'hiver d'Albertville. Cette piste est unique en France. Elle mesure 1,5 km et propose 19 virages.<br/>Source : la-plagne.com",https://remonterletemps.ign.fr/comparer/basic?x=6.678086&y=45.521658&z=16&layer1=ORTHOIMAGERY.ORTHOPHOTOS.1950-1965&layer2=ORTHOIMAGERY.ORTHOPHOTOS&mode=hSlider
Plailly,Oise,Aménagement du territoire,Observez la construction du Parc Asterix,"Le saviez-vous ? C'est au retour d'un voyage à Disneyland aux États-Unis qu'Uderzo eût l'idée de créer un parc de loisirs dédié à Astérix. Le parc voit le jour en 1989 à Plailly, à 35 km au Nord de Paris. <br/>Source : parcasterix.fr",https://remonterletemps.ign.fr/comparer/basic?x=2.569604&y=49.133112&z=17&layer1=ORTHOIMAGERY.ORTHOPHOTOS.1950-1965&layer2=ORTHOIMAGERY.ORTHOPHOTOS&mode=vSlider
Chessy,Seine et Mane,Aménagement du territoire,Observez la construction de Disneyland Paris,"A l'origine du projet, l’Etat souhaitait développer la ville nouvelle de Marne-la-Vallée pour en faire un centre urbain dynamique et attractif dans l’Est parisien. Résultat : le parc d'attraction Disneyland Paris ouvre ses portes en 1992 et devient la première destination touristique d’Europe.<br/>Source : geo.fr",https://remonterletemps.ign.fr/comparer/basic?x=2.776322&y=48.871652&z=16&layer1=ORTHOIMAGERY.ORTHOPHOTOS.1950-1965&layer2=ORTHOIMAGERY.ORTHOPHOTOS&mode=vSlider
Lusigny-sur-Barse,Aube,Aménagement du territoire,Des lacs-réservoirs apparaissent pour réguler les crues de la Seine,"Dans le bassin amont de la Seine, le lac d'Orient fait partie des cinq lacs de rétention artificiels construits entre 1949 et 1990. L'objectif : atténuer les dégâts causés par les inondations pendant les saisons humides et maintenir un niveau minimum des cours d’eau en période sèche. <br/>Source : ign.fr",https://remonterletemps.ign.fr/comparer/basic?x=4.331174&y=48.269702&z=12&layer1=ORTHOIMAGERY.ORTHOPHOTOS.1950-1965&layer2=ORTHOIMAGERY.ORTHOPHOTOS&mode=vSlider
Nançay,Cher,Aménagement du territoire,Observez la naissance de l'observatoire de Radioastronomie de Nançay,"Inauguré en 1956, l'observatoire de Radioastronomie a été construit en pleine Sologne sur un terrain plat de 150 hectares, peu habité tout en restant proche de Paris.<br/>Source : obs-nancay.fr",https://remonterletemps.ign.fr/comparer/basic?x=2.197380&y=47.370655&z=17&layer1=ORTHOIMAGERY.ORTHOPHOTOS.1950-1965&layer2=ORTHOIMAGERY.ORTHOPHOTOS&mode=vSlider
Viaduc de Millau - Millau,Aveyron,Aménagement du territoire,Observez la naissance du gigantesque viaduc de Millau,"Après seulement trois ans de travaux, le viaduc de Millau a permis de désenclaver le Massif central en franchissant la vallée du Tarn et en reliant Clermont-Ferrand à Béziers. Ce pont monumental représente l’un des plus importants chantiers du début du 21e siècle. <br/>Source : IGN - Atlas de l'anthropocène",https://remonterletemps.ign.fr/comparer/basic?x=3.021251&y=44.088248&z=16&layer1=ORTHOIMAGERY.ORTHOPHOTOS2000-2005&layer2=ORTHOIMAGERY.ORTHOPHOTOS&mode=hSlider
Le Havre,Seine-Maritime,Aménagement du territoire,Observez les transformations du port du Havre au fil du temps,"Depuis sa création au 16e siècle, le port du Havre n'a cessé de se transformer. En ruine après la Seconde Guerre mondiale, 20 ans de travaux sont nécessaires pour le reconstruire. Pendant les années 1960, le port évolue pour accueillir les plus grands porte-conteneurs du monde modifiant encore le paysage de l'estuaire.<br/>Source : IGN - Atlas de l'anthropocène",https://remonterletemps.ign.fr/comparer/basic?x=0.162305&y=49.464429&z=13&layer1=ORTHOIMAGERY.ORTHOPHOTOS.1950-1965&layer2=ORTHOIMAGERY.ORTHOPHOTOS&mode=vSlider
L'aéroport de Nice - Nice,Alpes-Maritimes,Aménagement du territoire,Observez l'extension de l'aéroport de Nice sur la mer,"Face à l'explosion de son trafic, l'aéroport de Nice est pris dans l'engrenage des extensions au cours du 20e siècle. En 1975, un projet très audacieux est lancé : gagner 200 hectares sur la mer et doubler la superficie de l'aéroport. Aujourd'hui, l’aéroport Nice Côte d'Azur est le deuxième aéroport de France après Paris.<br/>Source : nice.aeroport.fr",https://remonterletemps.ign.fr/comparer/basic?x=7.214089&y=43.657382&z=14&layer1=ORTHOIMAGERY.ORTHOPHOTOS.1950-1965&layer2=ORTHOIMAGERY.ORTHOPHOTOS&mode=vSlider
Aéroport Paris-Charles-de-Gaulle - Roissy-en-France,Val-d'Oise,Aménagement du territoire,Observez l'extension du super-aéroport Charles-de-Gaulle,"Depuis sa création en 1974, l'aéroport parisien n'a cessé de s'étendre pour répondre au développement du trafic aérien. D'abord implanté dans les champs, le ""super-aéroport"" s'étend aujourd'hui sur 3 200 hectares répartis sur six communes et trois départements : Roissy-en-France et Épiais-lès-Louvres dans le Val d'Oise, Tremblay en France en Seine-Saint-Denis, puis Le Mesnil-Amelot, Mauregard et Mitry-Mory en Seine-et-Marne.<br/>Source : parisaeroport.fr",https://remonterletemps.ign.fr/comparer/basic?x=2.549424&y=49.003697&z=14&layer1=ORTHOIMAGERY.ORTHOPHOTOS.1950-1965&layer2=ORTHOIMAGERY.ORTHOPHOTOS&mode=vSlider
Aéroport d'Orly - Orly,Val-de-Marne,Aménagement du territoire,Observez l'extension de l'aéroport d'Orly,"Depuis l'inauguration de l'aérogare par le général de Gaulle en 1961, l'aéroport d'Orly n'a cessé de se transformer pour répondre à un trafic aérien toujours croissant. Il a été construit sur un plateau complètement plat, et s'étend sur sept communes et deux départements.<br/>Source : parisaeroport.fr",https://remonterletemps.ign.fr/comparer/basic?x=2.373113&y=48.730870&z=15&layer1=ORTHOIMAGERY.ORTHOPHOTOS.1950-1965&layer2=ORTHOIMAGERY.ORTHOPHOTOS&mode=vSlider
Argentueil,Val-d'Oise,Aménagement du territoire,Observez l'empreinte de l'autoroute A15 sur le paysage,"Construite dans les années 1970, l'autoroute A15 a été créée pour améliorer la circulation de l'Ouest parsien et desservir la ville nouvelle de Cergy-Pontoise. ",https://remonterletemps.ign.fr/comparer/basic?x=2.276651&y=48.953789&z=15&layer1=ORTHOIMAGERY.ORTHOPHOTOS.1950-1965&layer2=ORTHOIMAGERY.ORTHOPHOTOS&mode=hSlider
Pont Jacques Chaban-Delmas - Bordeaux,Gironde,Aménagement du territoire,Observez le plus grand pont levant d'Europe ,"Inauguré en 2013, le pont levant Jacques Chaban-Delmas relie deux quartiers urbains sans gêner le passage des bateaux. Véritable prouesse technologique, il mesure 575 mètres de long et 77 mètres de haut. Pour l’anecdote, la couleur bleue des pylônes correspond à la marée haute tandis que la couleur verte indique la marée basse.<br/>Source : bordeaux-tourisme.com",https://remonterletemps.ign.fr/comparer/basic?x=-0.551884&y=44.857563&z=16&layer1=ORTHOIMAGERY.ORTHOPHOTOS2006-2010&layer2=ORTHOIMAGERY.ORTHOPHOTOS&mode=vSlider
Pégairolles de l'Esacelette,Hérault,Aménagement du territoire,Observez l’A75 qui serpente le Massif Central ,"La construction de l’autoroute A75 dite la ""Méridienne"" débute dans les années 80 avec l’objectif de désenclaver le Massif Central. L’A75 traverse six départements (l’Hérault, l’Aveyron, la Lozère, le Cantal, la Haute-Loire et le Puy de Dôme) et s’intègre parfaitement dans les paysages magnifiques.<br/>Source : a75lameridienne.com  ",https://remonterletemps.ign.fr/comparer/basic?x=3.323452&y=43.812066&z=15&layer1=ORTHOIMAGERY.ORTHOPHOTOS.1950-1965&layer2=ORTHOIMAGERY.ORTHOPHOTOS&mode=vSlider
Epinac,Saône-et-Loire,Aménagement du territoire,Observez l’ancienne ligne ferroviaire française d’Epinac,"La ligne d’Épinac à Pouillenay est une ancienne ligne ferroviaire française inaugurée en 1891. Elle figurait parmi les toutes premières voies ferrées construites en France. D'abord fermée aux voyageurs en 1953, elle ferme définitivement en 1988, soit près d'un siècle après son ouverture.",https://remonterletemps.ign.fr/comparer/basic?x=4.521153&y=46.985158&z=17&layer1=ORTHOIMAGERY.ORTHOPHOTOS.1950-1965&layer2=ORTHOIMAGERY.ORTHOPHOTOS&mode=vSlider
Louvigny,Moselle,Aménagement du territoire,Observez la création de la gare de Lorraine  TGV de la ligne Grand Est,"La gare de Lorraine TGV inaugurée en 2007 se situe à mi-chemin entre Metz et Nancy, en plein cœur de la campagne, dans la commune de Louvigny en Moselle. Elle se trouve sur la ligne à grande vitesse Paris-Strasbourg.<br/>Source : sncf.com",https://remonterletemps.ign.fr/comparer/basic?x=6.169605&y=48.946744&z=16&layer1=ORTHOIMAGERY.ORTHOPHOTOS.1950-1965&layer2=ORTHOIMAGERY.ORTHOPHOTOS&mode=vSlider
Charmes-sur-Rhône,Ardèche,Aménagement du territoire,"Observez les transformations profondes du Rhône par la main de l'homme","19 barrages ont été construits par la Compagnie nationale du Rhône entre 1948 et 1986. Objectifs de ces aménagements : la production d'hydroélectricité, la navigation et l'irrigation des champs.<br/>Le saviez-vous ? La volonté de canaliser le Rhône remonte au Moyen Âge. Puis de nombreux travaux ont lieu sous Napoléon III pour lutter contre les crues.<br/>Source : IGN - Atlas de l'anthropocène",https://remonterletemps.ign.fr/comparer/basic?x=4.843620&y=44.852105&z=16&layer1=ORTHOIMAGERY.ORTHOPHOTOS.1950-1965&layer2=ORTHOIMAGERY.ORTHOPHOTOS&mode=vSlider
Avignon,Vaucluse,Aménagement du territoire,"Observez les transformations profondes du Rhône par la main de l'homme","La centrale hydroélectrique-écluse d'Avignon est construite en 1973 sur le canal industriel du bras droit du Rhône. Elle relie désormais l’île de la Barthelasse à un îlot et le Rhône se divise en deux bras à hauteur de Sorgues, chacun doté d’un barrage.<br/>Le saviez-vous ? La volonté de canaliser le Rhône remonte au Moyen Âge. Puis de nombreux travaux ont lieu sous Napoléon III pour lutter contre les crues. <br/>Source : IGN - Atlas de l'anthropocène",https://remonterletemps.ign.fr/comparer/basic?x=4.829451&y=43.992643&z=13&layer1=ORTHOIMAGERY.ORTHOPHOTOS.1950-1965&layer2=ORTHOIMAGERY.ORTHOPHOTOS&mode=hSlider
Monteils,Tarn-et-Garonne,Eau,Observez la création d'un lac artificiel ,"Les retenues collinaires sont de petits réservoirs artificiels alimentés par les ruissellements d’eau. Le principe est simple : stocker l’eau de pluie ou de la fonte de neige en hiver pour disposer de cette eau en été. Ces réserves permettent d’irriguer les champs en période de sécheresse par exemple.<br/>Source : ecologie.gouv.fr",https://remonterletemps.ign.fr/comparer/basic?x=1.555831&y=44.172789&z=16&layer1=ORTHOIMAGERY.ORTHOPHOTOS.1950-1965&layer2=ORTHOIMAGERY.ORTHOPHOTOS&mode=vSlider
La Clusaz,Haute-Savoie,Eau,Observez la création d'un lac artificiel ,"Les retenues collinaires sont de petits réservoirs artificiels alimentés par les ruissellements d’eau. Le principe est simple : stocker l’eau de pluie ou de la fonte de neige en hiver pour disposer de cette eau en été. Ces réserves permettent d’irriguer les champs en période de sécheresse par exemple.<br/>Source : ecologie.gouv.fr",https://remonterletemps.ign.fr/comparer/basic?x=6.468873&y=45.904280&z=16&layer1=ORTHOIMAGERY.ORTHOPHOTOS.1950-1965&layer2=ORTHOIMAGERY.ORTHOPHOTOS&mode=vSlider
Coole,Marne,Environnement,Observez le parc éolien de Coole,"Une éolienne est un dispositif qui convertit l’énergie du vent en électricité. La France possède le deuxième gisement éolien européen après la Grande-Bretagne, et porte une attention particulière à l’intégration paysagère de ses parcs éoliens.<br/>Le saviez-vous ? Une éolienne de deux mégawatts produit l’équivalent de la consommation électrique moyenne de plus de 800 ménages français.<br/>Source : ecologie.gouv.fr",https://remonterletemps.ign.fr/comparer/basic?x=4.448355&y=48.767127&z=14&layer1=ORTHOIMAGERY.ORTHOPHOTOS2000-2005&layer2=ORTHOIMAGERY.ORTHOPHOTOS&mode=vSlider
Saucats,Gironde,Environnement,Observez le parc éolien de Saucats,"Une éolienne est un dispositif qui convertit l’énergie du vent en électricité. La France possède le deuxième gisement éolien européen après la Grande-Bretagne, et porte une attention particulière à l’intégration paysagère de ses parcs éoliens.<br/>Le saviez-vous ? Une éolienne de deux mégawatts produit l’équivalent de la consommation électrique moyenne de plus de 800 ménages français.<br/>Source : ecologie.gouv.fr",https://remonterletemps.ign.fr/comparer/basic?x=-0.621533&y=44.617994&z=15&layer1=ORTHOIMAGERY.ORTHOPHOTOS2006-2010&layer2=ORTHOIMAGERY.ORTHOPHOTOS&mode=vSlider
Valensole,Alpes-de-Haute-Provence,Environnement,Observez le parc éolien du plateau de Valensole,"Une éolienne est un dispositif qui convertit l’énergie du vent en électricité. La France possède le deuxième gisement éolien européen après la Grande-Bretagne, et porte une attention particulière à l’intégration paysagère de ses parcs éoliens.<br/>Le saviez-vous ? Une éolienne de  deux mégawatts produit l’équivalent de la consommation électrique moyenne de plus de 800 ménages français.<br/>Source : ecologie.gouv.fr",https://remonterletemps.ign.fr/comparer/basic?x=6.013035&y=43.826894&z=16&layer1=ORTHOIMAGERY.ORTHOPHOTOS2000-2005&layer2=ORTHOIMAGERY.ORTHOPHOTOS&mode=vSlider
Lislet,Aisne,Environnement,Observez le parc éolien de Lislet ,"Une éolienne est un dispositif qui convertit l’énergie du vent en électricité. La France possède le deuxième gisement éolien européen après la Grande-Bretagne, et porte une attention particulière à l’intégration paysagère de ses parcs éoliens.<br/>Le saviez-vous ? Une éolienne de deux mégawatts produit l’équivalent de la consommation électrique moyenne de plus de 800 ménages français.<br/>Source : ecologie.gouv.fr",https://remonterletemps.ign.fr/comparer/basic?x=4.037819&y=49.669264&z=14&layer1=ORTHOIMAGERY.ORTHOPHOTOS2000-2005&layer2=ORTHOIMAGERY.ORTHOPHOTOS&mode=vSlider
Cestas,Gironde,Environnement,Observez le parc éolien du plateau de Cestas,"Une éolienne est un dispositif qui convertit l’énergie du vent en électricité. La France possède le deuxième gisement éolien européen après la Grande-Bretagne, et porte une attention particulière à l’intégration paysagère de ses parcs éoliens.<br/>Le saviez-vous ? Une éolienne de deux mégawatts produit l’équivalent de la consommation électrique moyenne de plus de 800 ménages français.<br/>Source : ecologie.gouv.fr",https://remonterletemps.ign.fr/comparer/basic?x=-0.815256&y=44.723701&z=14&layer1=ORTHOIMAGERY.ORTHOPHOTOS2000-2005&layer2=ORTHOIMAGERY.ORTHOPHOTOS&mode=vSlider
Chamonix-Mont-Blanc,Haute-Savoie,Environnement,Observez la fonte du Glacier d'Argentière,"Des mesures permettent d'établir que le glacier d'Argentière a perdu 1150 mètres depuis 1870. Sous l'effet du réchauffement climatique, on constate, ces dernières années, une accélération de la fonte des glaciers au niveau mondial.",https://remonterletemps.ign.fr/comparer/basic?x=6.976280&y=45.95214&z=14&layer1=ORTHOIMAGERY.ORTHOPHOTOS.1950-1965&layer2=ORTHOIMAGERY.ORTHOPHOTOS&mode=hSlider
La Grave,Hautes-Alpes,Environnement,Observez la fonte du Glacier de la Girose,"En 2022, des mesures ont permis d'établir que le glacier de la Girose avait perdu 5 mètres d'épaisseur en un an. Sous l'effet du réchauffement climatique, on constate, ces dernières années, une accélération de la fonte des glaciers au niveau mondial. ",https://remonterletemps.ign.fr/comparer/basic?x=6.244083&y=45.011750&z=13&layer1=ORTHOIMAGERY.ORTHOPHOTOS.1950-1965&layer2=ORTHOIMAGERY.ORTHOPHOTOS&mode=vSlider
Vallouise Pelvoux,Hautes-Alpes,Environnement,Observez la fonte du Glacier du Sélé,"Depuis 2008, le Glacier du Sélé a reculé de 45 mètres, dont 16 en 2011. Sous l'effet du réchauffement climatique, on constate, ces dernières années, une accélération de la fonte des glaciers au niveau mondial. ",https://remonterletemps.ign.fr/comparer/basic?x=6.366440&y=44.869468&z=13&layer1=ORTHOIMAGERY.ORTHOPHOTOS.1950-1965&layer2=ORTHOIMAGERY.ORTHOPHOTOS&mode=hSlider
Peyrolles-en-Provence,Bouches-du-Rhône,Environnement,Observez l’une des plus grandes centrales solaires flottantes d’Europe à Peyrolles-en-Provence,"En 2022, une centrale photovoltaïque flottante est implantée à Peyrolles-en-Provence sur une ancienne gravière transformée en lac. Les panneaux solaires qui s’étendent sur 15 hectares permettent à la commune de produire plus d’électricité qu’elle n’en consomme. <br/>Source : bouches-du-rhone.gouv.fr",https://remonterletemps.ign.fr/comparer/basic?x=5.568074&y=43.655919&z=15&layer1=ORTHOIMAGERY.ORTHOPHOTOS2000-2005&layer2=ORTHOIMAGERY.ORTHOPHOTOS&mode=vSlider
Caharmentray,Seine et Mane,Environnement,Observez cette ancienne gravière transformée en site naturel,"Le site naturel des Olivettes est une ancienne gravière qui couvre près de 119 hectares. Caractérisé par de larges plans d’eau et de nombreuses espèces d’oiseaux, le site a été revalorisé en 2022 pour offrir au visiteur une nouvelle manière de découvrir les Espaces naturels sensibles (ENS) ouverts au public<br/>Source : seine-et-marne.fr",https://remonterletemps.ign.fr/comparer/basic?x=2.789596&y=48.939533&z=14&layer1=ORTHOIMAGERY.ORTHOPHOTOS.1950-1965&layer2=ORTHOIMAGERY.ORTHOPHOTOS&mode=vSlider
Plourhan,Côtes-d'Armor,Environnement,Observez la reconquête des haies sur le paysage,"Les haies sont des trésors de biodiversité et ont une fonction de régulation du climat. Elles protègent les cultures du vent et offrent un abri aux espèces animales et végétales. Ces avantages reconnus ont participé à la mise en place d’actions pour planter ou apprendre à restaurer des haies sur tout le territoire. <br/>Source : ofb.gouv.fr",https://remonterletemps.ign.fr/comparer/basic?x=-2.856412&y=48.652329&z=18&layer1=ORTHOIMAGERY.ORTHOPHOTOS2000-2005&layer2=ORTHOIMAGERY.ORTHOPHOTOS&mode=hSlider
Vitrolles,Bouches-du-Rhône,Environnement,Observez les dégâts causés par les incendies de forêt,"Le saviez-vous ? 90 % des départs de feux de forêt et de végétation sont d’origine humaine. En 2022, 58 900 hectares de forêt et autres terres boisées ont brûlés. Le réchauffement climatique, le développement démographique, et les sécheresses accentuent les risques d'incendie. <br/>Source : Observatoire des forêts françaises",https://remonterletemps.ign.fr/comparer/basic?x=5.262269&y=43.447195&z=16&layer1=ORTHOIMAGERY.ORTHOPHOTOS2000-2005&layer2=ORTHOIMAGERY.ORTHOPHOTOS&mode=vSlider
Bormes-les Mimosas,Var,Environnement,Observez les dégâts causés par les incendies de forêt,"Le saviez-vous ? 90 % des départs de feux de forêt et de végétation sont d’origine humaine. En 2022, 58 900 hectares de forêt et autres terres boisées ont brûlés. Le réchauffement climatique, le développement démographique, et les sécheresses accentuent les risques d'incendie. <br/>Source : Observatoire des forêts françaises",https://remonterletemps.ign.fr/comparer/basic?x=6.322610&y=43.124916&z=16&layer1=ORTHOIMAGERY.ORTHOPHOTOS2000-2005&layer2=ORTHOIMAGERY.ORTHOPHOTOS&mode=vSlider
Martigues,Bouches-du-Rhône,Environnement,Observez les dégâts causés par les incendies de forêt,"Le saviez-vous ? 90 % des départs de feux de forêt et de végétation sont d’origine humaine. En 2022, 58 900 hectares de forêt et autres terres boisées ont brûlés. Le réchauffement climatique, le développement démographique, et les sécheresses accentuent les risques d'incendie. <br/>Source : Observatoire des forêts françaises",https://remonterletemps.ign.fr/comparer/basic?x=5.035166&y=43.339443&z=16&layer1=ORTHOIMAGERY.ORTHOPHOTOS2006-2010&layer2=ORTHOIMAGERY.ORTHOPHOTOS&mode=vSlider
Ensuès-la-Redonne,Bouches-du-Rhône,Environnement,Observez les dégâts causés par les incendies de forêt,"Le saviez-vous ? 90 % des départs de feux de forêt et de végétation sont d’origine humaine. En 2022, 58 900 hectares de forêt et autres terres boisées ont brûlés. Le réchauffement climatique, le développement démographique, et les sécheresses accentuent les risques d'incendie. <br/>Source : Observatoire des forêts françaises",https://remonterletemps.ign.fr/comparer/basic?x=5.184845&y=43.339900&z=15&layer1=ORTHOIMAGERY.ORTHOPHOTOS2006-2010&layer2=ORTHOIMAGERY.ORTHOPHOTOS&mode=vSlider
L'Aiguillon-sur-Mer,Vendée,Littoral,"Observez la naissance d'un polder, cette terre conquise par la mer","Un polder est une étendue artificielle de terre gagnée sur l'eau dont le niveau est souvent inférieur à celui de la mer. La pointe de l'Aiguillon située sur le littoral sud de la Vendée abrite la Baie de l'Aiguillon. Elle permet de protéger les polders du Marais poitevin et constitue un lieu de passage et de stationnement pour de nombreux oiseaux en raison de sa forme en entonnoir.<br/>Source : guide-de-la-vendee.com",https://remonterletemps.ign.fr/comparer/basic?x=-1.187639&y=46.308492&z=13&layer1=ORTHOIMAGERY.ORTHOPHOTOS.1950-1965&layer2=ORTHOIMAGERY.ORTHOPHOTOS&mode=hSlider
Loos-en-Gohelle,Pas-de-Calais,Environnement,"Observez la naissance d'un terril, cette montagne noire façonnée par l'homme","Les terrils sont des montagnes artificielles composés de résidus miniers. Ils ont été construits par l'homme lors de l'extraction du charbon au 20e s. Jadis dépréciés, les terrils sont considérés aujourd'hui comme des refuges exceptionnels pour une végétation sauvage avec des espèces souvent inconnues de la région.<br/>Le saviez-vous ? Certains terrils ont été réaménagés en lieux de promenade à l'exemple des terrils jumeaux de Loos-en-Gohelle qui comptent parmi les plus hauts d'Europe. <br/>Source : bassinminier-patrimoinemondial.org",https://remonterletemps.ign.fr/comparer/basic?x=2.762732&y=50.447139&z=16&layer1=ORTHOIMAGERY.ORTHOPHOTOS.1950-1965&layer2=ORTHOIMAGERY.ORTHOPHOTOS&mode=vSlider
Carcans,Gironde,Forêt,"Observez la forêt des Landes, la plus grande forêt artificielle d'Europe de l'Ouest","Avec un rythme d'exploitation de 10 000 ha par an en moyenne, la forêt landaise est avant tout une forêt cultivée de production. La culture du Pin maritime représente 87% des surfaces boisées.",https://remonterletemps.ign.fr/comparer/basic?x=-1.172605&y=45.087226&z=15&layer1=ORTHOIMAGERY.ORTHOPHOTOS2006-2010&layer2=ORTHOIMAGERY.ORTHOPHOTOS&mode=hSlider
Bonnac-la Côte,Haute-Vienne,Forêt,Observez l'expansion de la forêt à Bonnac-la-Côte,"Contrairement à une idée reçue, la forêt est en augmentation depuis la moitié du 19e siècle. L’exode rural et la révolution agricole après-guerre, le (re)boisement de 2 millions d'hectares de terres (1947-1999) et la poursuite des reboisements en montagne ont grandement contribué à son expansion. Elle couvre désormais près d’un tiers de la France juste derrière les surfaces agricoles.<br/>Source : inventaire-forestier.ign.fr",https://remonterletemps.ign.fr/comparer/basic?x=1.291864&y=45.950304&z=15&layer1=ORTHOIMAGERY.ORTHOPHOTOS.1950-1965&layer2=ORTHOIMAGERY.ORTHOPHOTOS&mode=vSlider
Sagelat,Dordogne,Forêt,Observez l'expansion de la forêt à Sagelat,"Contrairement à une idée reçue, la forêt est en augmentation depuis la moitié du 19e siècle. L’exode rural et la révolution agricole après-guerre, le (re)boisement de 2 millions d'hectares de terres (1947-1999) et la poursuite des reboisements en montagne ont grandement contribué à son expansion. Elle couvre désormais près d’un tiers de la France juste derrière les surfaces agricoles.<br/>Source : inventaire-forestier.ign.fr",https://remonterletemps.ign.fr/comparer/basic?x=1.009868&y=44.804425&z=15&layer1=ORTHOIMAGERY.ORTHOPHOTOS.1950-1965&layer2=ORTHOIMAGERY.ORTHOPHOTOS&mode=hSlider
Sillé-le-Philippe,Sarthe,Forêt,Observez l'expansion de la forêt à Sillé-le-Philippe,"Contrairement à une idée reçue, la forêt est en augmentation depuis la moitié du 19e siècle. L’exode rural et la révolution agricole après-guerre, le (re)boisement de 2 millions d'hectares de terres (1947-1999) et la poursuite des reboisements en montagne ont grandement contribué à son expansion. Elle couvre désormais près d’un tiers de la France juste derrière les surfaces agricoles.<br/>Source : inventaire-forestier.ign.fr",https://remonterletemps.ign.fr/comparer/basic?x=0.372326&y=48.102628&z=15&layer1=ORTHOIMAGERY.ORTHOPHOTOS.1950-1965&layer2=ORTHOIMAGERY.ORTHOPHOTOS&mode=hSlider
Cépet,Haute-Garonne,Forêt,Observez l'expansion de la forêt à Cépet,"Contrairement à une idée reçue, la forêt est en augmentation depuis la moitié du 19e siècle. L’exode rural et la révolution agricole après-guerre, le (re)boisement de 2 millions d'hectares de terres (1947-1999) et la poursuite des reboisements en montagne ont grandement contribué à son expansion. Elle couvre désormais près d’un tiers de la France juste derrière les surfaces agricoles.<br/>Source : inventaire-forestier.ign.fr",https://remonterletemps.ign.fr/comparer/basic?x=1.419965&y=43.740612&z=15&layer1=ORTHOIMAGERY.ORTHOPHOTOS.1950-1965&layer2=ORTHOIMAGERY.ORTHOPHOTOS&mode=vSlider
Uxegney,Vosges,Forêt,Observez l'expansion de la forêt à Uxegney,"Contrairement à une idée reçue, la forêt est en augmentation depuis la moitié du 19e siècle. L’exode rural et la révolution agricole après-guerre, le (re)boisement de 2 millions d'hectares de terres (1947-1999) et la poursuite des reboisements en montagne ont grandement contribué à son expansion. Elle couvre désormais près d’un tiers de la France juste derrière les surfaces agricoles.<br/>Source : inventaire-forestier.ign.fr",https://remonterletemps.ign.fr/comparer/basic?x=6.349727&y=48.181396&z=14&layer1=ORTHOIMAGERY.ORTHOPHOTOS.1950-1965&layer2=ORTHOIMAGERY.ORTHOPHOTOS&mode=hSlider
Marcillac-la-Croisille,Corrèze,Forêt,Observez l'expansion de la forêt à Marcillac-la-Croisille,"Contrairement à une idée reçue, la forêt est en augmentation depuis la moitié du 19e siècle. L’exode rural et la révolution agricole après-guerre, le (re)boisement de 2 millions d'hectares de terres (1947-1999) et la poursuite des reboisements en montagne ont grandement contribué à son expansion. Elle couvre désormais près d’un tiers de la France juste derrière les surfaces agricoles.<br/>Source : inventaire-forestier.ign.fr",https://remonterletemps.ign.fr/comparer/basic?x=2.066865&y=45.250705&z=15&layer1=ORTHOIMAGERY.ORTHOPHOTOS.1950-1965&layer2=ORTHOIMAGERY.ORTHOPHOTOS&mode=vSlider
Montbartier,Tarn-et-Garonne,Forêt,Observez l'expansion de la forêt à Montbartier,"Contrairement à une idée reçue, la forêt est en augmentation depuis la moitié du 19e siècle. L’exode rural et la révolution agricole après-guerre, le (re)boisement de 2 millions d'hectares de terres (1947-1999) et la poursuite des reboisements en montagne ont grandement contribué à son expansion. Elle couvre désormais près d’un tiers de la France juste derrière les surfaces agricoles.<br/>Source : inventaire-forestier.ign.fr",https://remonterletemps.ign.fr/comparer/basic?x=1.270501&y=43.925827&z=15&layer1=ORTHOIMAGERY.ORTHOPHOTOS.1950-1965&layer2=ORTHOIMAGERY.ORTHOPHOTOS&mode=hSlider
Mas-Grenier,Tarn-et-Garonne,Forêt,Observez l'expansion de la forêt à Mas-Grenier,"Contrairement à une idée reçue, la forêt est en augmentation depuis la moitié du 19e siècle. L’exode rural et la révolution agricole après-guerre, le (re)boisement de 2 millions d'hectares de terres (1947-1999) et la poursuite des reboisements en montagne ont grandement contribué à son expansion. Elle couvre désormais près d’un tiers de la France juste derrière les surfaces agricoles.<br/>Source : inventaire-forestier.ign.fr",https://remonterletemps.ign.fr/comparer/basic?x=1.188548&y=43.922781&z=15&layer1=ORTHOIMAGERY.ORTHOPHOTOS.1950-1965&layer2=ORTHOIMAGERY.ORTHOPHOTOS&mode=hSlider
Sermaise,Essonne,Forêt,Observez l'expansion de la forêt à Sermaise,"Contrairement à une idée reçue, la forêt est en augmentation depuis la moitié du 19e siècle. L’exode rural et la révolution agricole après-guerre, le (re)boisement de 2 millions d'hectares de terres (1947-1999) et la poursuite des reboisements en montagne ont grandement contribué à son expansion. Elle couvre désormais près d’un tiers de la France juste derrière les surfaces agricoles.<br/>Source : inventaire-forestier.ign.fr",https://remonterletemps.ign.fr/comparer/basic?x=2.102824&y=48.540361&z=15&layer1=ORTHOIMAGERY.ORTHOPHOTOS.1950-1965&layer2=ORTHOIMAGERY.ORTHOPHOTOS&mode=vSlider
Souesmes,Loir-et-Cher,Forêt,Observez l'expansion de la forêt à Souesmes,"Contrairement à une idée reçue, la forêt est en augmentation depuis la moitié du 19e siècle. L’exode rural et la révolution agricole après-guerre, le (re)boisement de 2 millions d'hectares de terres (1947-1999) et la poursuite des reboisements en montagne ont grandement contribué à son expansion. Elle couvre désormais près d’un tiers de la France juste derrière les surfaces agricoles.<br/>Source : inventaire-forestier.ign.fr",https://remonterletemps.ign.fr/comparer/basic?x=2.168755&y=47.465651&z=14&layer1=ORTHOIMAGERY.ORTHOPHOTOS.1950-1965&layer2=ORTHOIMAGERY.ORTHOPHOTOS&mode=vSlider
Mers-sur-indre,Indre,Forêt,Observez l'expansion de la forêt à Mers-sur-Indre,"Contrairement à une idée reçue, la forêt est en augmentation depuis la moitié du 19e siècle. L’exode rural et la révolution agricole après-guerre, le (re)boisement de 2 millions d'hectares de terres (1947-1999) et la poursuite des reboisements en montagne ont grandement contribué à son expansion. Elle couvre désormais près d’un tiers de la France juste derrière les surfaces agricoles.<br/>Source : inventaire-forestier.ign.fr",https://remonterletemps.ign.fr/comparer/basic?x=1.851123&y=46.672914&z=15&layer1=ORTHOIMAGERY.ORTHOPHOTOS.1950-1965&layer2=ORTHOIMAGERY.ORTHOPHOTOS&mode=vSlider
Saint-Priest-Taurion,Haute-Vienne,Forêt,Observez l'expansion de la forêt à Saint-Priest-Taurion,"Contrairement à une idée reçue, la forêt est en augmentation depuis la moitié du 19e siècle. L’exode rural et la révolution agricole après-guerre, le (re)boisement de 2 millions d'hectares de terres (1947-1999) et la poursuite des reboisements en montagne ont grandement contribué à son expansion. Elle couvre désormais près d’un tiers de la France juste derrière les surfaces agricoles.<br/>Source : inventaire-forestier.ign.fr",https://remonterletemps.ign.fr/comparer/basic?x=1.375445&y=45.883656&z=15&layer1=ORTHOIMAGERY.ORTHOPHOTOS.1950-1965&layer2=ORTHOIMAGERY.ORTHOPHOTOS&mode=vSlider
La Neuveville-devant-Lépanges,Vosges,Forêt,Observez l'expansion de la forêt à La Neuveville-devant-Lépanges,"Contrairement à une idée reçue, la forêt est en augmentation depuis la moitié du 19e siècle. L’exode rural et la révolution agricole après-guerre, le (re)boisement de 2 millions d'hectares de terres (1947-1999) et la poursuite des reboisements en montagne ont grandement contribué à son expansion. Elle couvre désormais près d’un tiers de la France juste derrière les surfaces agricoles.<br/>Source : inventaire-forestier.ign.fr",https://remonterletemps.ign.fr/comparer/basic?x=6.642730&y=48.133209&z=13&layer1=ORTHOIMAGERY.ORTHOPHOTOS.1950-1965&layer2=ORTHOIMAGERY.ORTHOPHOTOS&mode=vSlider
Vollore-Ville,Puy-de-Dôme,Forêt,Observez l'expansion de la forêt à Vollore-Ville,"Contrairement à une idée reçue, la forêt est en augmentation depuis la moitié du 19e siècle. L’exode rural et la révolution agricole après-guerre, le (re)boisement de 2 millions d'hectares de terres (1947-1999) et la poursuite des reboisements en montagne ont grandement contribué à son expansion. Elle couvre désormais près d’un tiers de la France juste derrière les surfaces agricoles.<br/>Source : inventaire-forestier.ign.fr",https://remonterletemps.ign.fr/comparer/basic?x=3.596293&y=45.792987&z=14&layer1=ORTHOIMAGERY.ORTHOPHOTOS.1950-1965&layer2=ORTHOIMAGERY.ORTHOPHOTOS&mode=hSlider
Gap,Hautes-Alpes,Forêt,Observez l'expansion de la forêt à Gap,"Contrairement à une idée reçue, la forêt est en augmentation depuis la moitié du 19e siècle. L’exode rural et la révolution agricole après-guerre, le (re)boisement de 2 millions d'hectares de terres (1947-1999) et la poursuite des reboisements en montagne ont grandement contribué à son expansion. Elle couvre désormais près d’un tiers de la France juste derrière les surfaces agricoles.<br/>Source : inventaire-forestier.ign.fr",https://remonterletemps.ign.fr/comparer/basic?x=6.082892&y=44.539963&z=14&layer1=ORTHOIMAGERY.ORTHOPHOTOS.1950-1965&layer2=ORTHOIMAGERY.ORTHOPHOTOS&mode=hSlider
Jausiers,Alpes-de-Haute-Provence,Forêt,Observez l'expansion de la forêt à Jausiers,"Contrairement à une idée reçue, la forêt est en augmentation depuis la moitié du 19e siècle. L’exode rural et la révolution agricole après-guerre, le (re)boisement de 2 millions d'hectares de terres (1947-1999) et la poursuite des reboisements en montagne ont grandement contribué à son expansion. Elle couvre désormais près d’un tiers de la France juste derrière les surfaces agricoles.<br/>Source : inventaire-forestier.ign.fr",https://remonterletemps.ign.fr/comparer/basic?x=6.715951&y=44.419156&z=16&layer1=ORTHOIMAGERY.ORTHOPHOTOS.1950-1965&layer2=ORTHOIMAGERY.ORTHOPHOTOS&mode=vSlider
Le Verdon-sur-Mer,Gironde,Littoral,Quand la terre avance sur la mer,"A l'inverse de l'érosion, l'accrétion se traduit par l'avancée de la terre sur la mer sous l'effet d'une accumulation de matériaux marins. On peut observer ce phénomène à Verdon-sur-Mer en comparant deux photographies aériennes d'époques différentes",https://remonterletemps.ign.fr/comparer/basic?x=-1.080761&y=45.560912&z=14&layer1=ORTHOIMAGERY.ORTHOPHOTOS.1950-1965&layer2=ORTHOIMAGERY.ORTHOPHOTOS&mode=vSlider
Treogat,Finistère,Littoral,Quand la mer avance et gagne du terrain ,"Le recul de la frontière entre la terre et la mer, appelée aussi ""trait de côte"", est un phénomène naturel lié à l'érosion mais il peut être accentué par les activités humaines. Pour surveiller son recul, les géographes comparent des photographies aériennes de plusieurs époques. <br/>Source : observatoires du trait de côte",https://remonterletemps.ign.fr/comparer/basic?x=-4.365554&y=47.893437&z=14&layer1=ORTHOIMAGERY.ORTHOPHOTOS.1950-1965&layer2=ORTHOIMAGERY.ORTHOPHOTOS&mode=hSlider
Dune du Pilat - La Teste-de-Buch,Gironde,Littoral,"Observez le déplacement de la plus haute dune d'Europe, impressionnant !","Avec ses 103 m de haut, 600 m de large et 3 km de long, la dune du Pilat est particulièrement soumise au vent. Savez-vous que cette gigantesque montagne de sable se déplace au nord de 1 à 5 m par an ?<br/>Source : ladunedupilat.com",https://remonterletemps.ign.fr/comparer/basic?x=-1.213555&y=44.587712&z=14&layer1=ORTHOIMAGERY.ORTHOPHOTOS.1950-1965&layer2=ORTHOIMAGERY.ORTHOPHOTOS&mode=hSlider
Saint-Trojan-les-Bains,Charente-Maritime,Littoral,Observez la métamorphose de la pointe de Gatseau (île d'Oléron),"La pointe de Gatseau, au sud de l’île d’Oléron, s'est complètement transformée au fil des décennies. La faute à l'érosion, ce phénomène naturel qui fait reculer la frontière entre la terre et la mer appelée aussi ""trait de côte"".<br/>Source : ign.fr",https://remonterletemps.ign.fr/comparer/basic?x=-1.232700&y=45.806112&z=15&layer1=ORTHOIMAGERY.ORTHOPHOTOS2000-2005&layer2=ORTHOIMAGERY.ORTHOPHOTOS&mode=vSlider
Soulac-sur-Mer,Gironde,Littoral,"Quand la mer gagne du terrain à Soulac-sur-Mer, des images spectaculaires !","Soulac-sur-Mer est le symbole du recul de la frontière entre la terre et la mer, appelée aussi ""trait de côte"". En 2014, l’immeuble Le Signal est évacué alors que quelques dizaines de mètres seulement le séparent des eaux. Il avait été construit en 1967... à 200 m de l’océan !<br/>Source : ign.fr",https://remonterletemps.ign.fr/comparer/basic?x=-1.140743&y=45.502046&z=14&layer1=ORTHOIMAGERY.ORTHOPHOTOS.1950-1965&layer2=ORTHOIMAGERY.ORTHOPHOTOS&mode=hSlider
Sainte-Anne,Martinique,Littoral,Quand la mer avance et gagne du terrain ,"Le recul de la frontière entre la terre et la mer, appelée aussi ""trait de côte"", est un phénomène naturel lié à l'érosion mais il peut être accentué par les activités humaines. Pour surveiller son recul, les géographes comparent des photographies aériennes de plusieurs époques. <br/>Source : observatoires du trait de côte",https://remonterletemps.ign.fr/comparer/basic?x=-60.878570&y=14.402988&z=17&layer1=ORTHOIMAGERY.ORTHOPHOTOS.1950-1965&layer2=ORTHOIMAGERY.ORTHOPHOTOS&mode=vSlider
Saintes-Maries-de-la-Mer,Bouches-du-Rhône,Littoral,Quand la mer avance et gagne du terrain ,"Le recul de la frontière entre la terre et la mer, appelée aussi ""trait de côte"", est un phénomène naturel lié à l'érosion mais il peut être accentué par les activités humaines. Pour surveiller son recul, les géographes comparent des photographies aériennes de plusieurs époques. <br/>Source : observatoires du trait de côte",https://remonterletemps.ign.fr/comparer/basic?x=4.466717&y=43.461087&z=14&layer1=ORTHOIMAGERY.ORTHOPHOTOS.1950-1965&layer2=ORTHOIMAGERY.ORTHOPHOTOS&mode=vSlider
Arles,Bouches-du-Rhône,Littoral,Quand la mer avance et gagne du terrain ,"Le recul de la frontière entre la terre et la mer, appelée aussi ""trait de côte"", est un phénomène naturel lié à l'érosion mais il peut être accentué par les activités humaines. Pour surveiller son recul, les géographes comparent des photographies aériennes de plusieurs époques. <br/>Source : observatoires du trait de côte",https://remonterletemps.ign.fr/comparer/basic?x=4.633866&y=43.357505&z=14&layer1=ORTHOIMAGERY.ORTHOPHOTOS.1950-1965&layer2=ORTHOIMAGERY.ORTHOPHOTOS&mode=vSlider
Anglet,Pyrénées-Atlantiques,Littoral,Quand la mer avance et gagne du terrain ,"Le recul de la frontière entre la terre et la mer, appelée aussi ""trait de côte"", est un phénomène naturel lié à l'érosion mais il peut être accentué par les activités humaines. Pour surveiller son recul, les géographes comparent des photographies aériennes de plusieurs époques. <br/>Source : observatoires du trait de côte",https://remonterletemps.ign.fr/comparer/basic?x=-1.538519&y=43.506338&z=15&layer1=ORTHOIMAGERY.ORTHOPHOTOS.1950-1965&layer2=ORTHOIMAGERY.ORTHOPHOTOS&mode=hSlider
Bidart,Pyrénées-Atlantiques,Littoral,Quand la mer avance et gagne du terrain ,"Le recul de la frontière entre la terre et la mer, appelée aussi ""trait de côte"", est un phénomène naturel lié à l'érosion mais il peut être accentué par les activités humaines. Pour surveiller son recul, les géographes comparent des photographies aériennes de plusieurs époques. <br/>Source : observatoires du trait de côte",https://remonterletemps.ign.fr/comparer/basic?x=-1.597558&y=43.433872&z=15&layer1=ORTHOIMAGERY.ORTHOPHOTOS.1950-1965&layer2=ORTHOIMAGERY.ORTHOPHOTOS&mode=hSlider
Le Grand-Village-Plage,Charente-Maritime,Littoral,Quand la mer avance et gagne du terrain ,"Le recul de la frontière entre la terre et la mer, appelée aussi ""trait de côte"", est un phénomène naturel lié à l'érosion mais il peut être accentué par les activités humaines. Pour surveiller son recul, les géographes comparent des photographies aériennes de plusieurs époques. <br/>Source : observatoires du trait de côte",https://remonterletemps.ign.fr/comparer/basic?x=-1.250748&y=45.850997&z=16&layer1=ORTHOIMAGERY.ORTHOPHOTOS2000-2005&layer2=ORTHOIMAGERY.ORTHOPHOTOS&mode=hSlider
La Teste-de-Buch,Gironde,Littoral,Quand la mer avance et gagne du terrain ,"Le recul de la frontière entre la terre et la mer, appelée aussi ""trait de côte"", est un phénomène naturel lié à l'érosion mais il peut être accentué par les activités humaines. Pour surveiller son recul, les géographes comparent des photographies aériennes de plusieurs époques. <br/>Source : observatoires du trait de côte",https://remonterletemps.ign.fr/comparer/basic?x=-1.246936&y=44.550430&z=15&layer1=ORTHOIMAGERY.ORTHOPHOTOS.1950-1965&layer2=ORTHOIMAGERY.ORTHOPHOTOS&mode=hSlider
Guissény,Finistère,Littoral,Quand la mer avance et gagne du terrain ,"Le recul de la frontière entre la terre et la mer, appelée aussi ""trait de côte"", est un phénomène naturel lié à l'érosion mais il peut être accentué par les activités humaines. Pour surveiller son recul, les géographes comparent des photographies aériennes de plusieurs époques. <br/>Source : observatoires du trait de côte",https://remonterletemps.ign.fr/comparer/basic?x=-4.443177&y=48.640274&z=16&layer1=ORTHOIMAGERY.ORTHOPHOTOS.1950-1965&layer2=ORTHOIMAGERY.ORTHOPHOTOS&mode=vSlider
Wissant,Pas-de-Calais,Littoral,Quand la mer avance et gagne du terrain ,"Le recul de la frontière entre la terre et la mer, appelée aussi ""trait de côte"", est un phénomène naturel lié à l'érosion mais il peut être accentué par les activités humaines. Pour surveiller son recul, les géographes comparent des photographies aériennes de plusieurs époques. <br/>Source : observatoires du trait de côte",https://remonterletemps.ign.fr/comparer/basic?x=1.646020&y=50.880986&z=15&layer1=ORTHOIMAGERY.ORTHOPHOTOS.1950-1965&layer2=ORTHOIMAGERY.ORTHOPHOTOS&mode=vSlider
Sangatte,Pas-de-Calais,Traces de l'Histoire,Observez l’impact des bombes sur la ville de Sangatte,"La Seconde Guerre Mondiale fut particulièrement éprouvante pour le Calaisis très touché par les destructions : 73 % du Vieux Calais, aujourd’hui quartier de Calais Nord, furent détruits. L’impact des bombardements visibles sur la carte des années 50 témoigne de la violence des combats menés en 1940.<br/>Source : calais-cotedopale.com",https://remonterletemps.ign.fr/comparer/basic?x=1.738043&y=50.929943&z=15&layer1=ORTHOIMAGERY.ORTHOPHOTOS.1950-1965&layer2=ORTHOIMAGERY.ORTHOPHOTOS&mode=vSlider
Caen,Calvados,Traces de l'Histoire,Observez les traces de la seconde guerre mondiale sur la ville de Caen,"À la suite des bombardements de 1944, Caen est en partie détruite. Le centre avec le quartier Saint-Jean est particulièrement touché. Il faut donc repenser la ville et la reconstruire en réaménageant cette ""vieille cité normande"" de l’entre-deux-guerres. C’est une épopée de 20 ans qui s’ouvre et qui aboutit à une transformation radicale de l’urbanisme. <br/>Source : caen.fr",https://remonterletemps.ign.fr/comparer/basic?x=-0.373810&y=49.184270&z=16&layer1=ORTHOIMAGERY.ORTHOPHOTOS.1950-1965&layer2=ORTHOIMAGERY.ORTHOPHOTOS&mode=vSlider
Saint Nazaire,Loire-Atlantique,Traces de l'Histoire,Observez les traces de la seconde guerre mondiale sur la ville de Saint-Nazaire,"Après la Seconde Guerre mondiale, 85% de la ville de Saint-Nazaire est détruite. Commence alors le titanesque chantier de la reconstruction. Tout en s’appuyant sur les qualités de la ville du 19e siècle, le plan de reconstruction de Saint-Nazaire laisse la part belle à un réseau de circulation aéré.<br/>Source : saint-nazaire-musees.com",https://remonterletemps.ign.fr/comparer/basic?x=-2.211649&y=47.275427&z=16&layer1=ORTHOIMAGERY.ORTHOPHOTOS.1950-1965&layer2=ORTHOIMAGERY.ORTHOPHOTOS&mode=vSlider
Vire de Normandie,Calvados,Traces de l'Histoire,Observez les traces de la seconde guerre mondiale sur la ville de Vire,"Au sud du Calvados, la commune de Vire a subi de plein fouet les bombardements de juin 1944 entrainant la destruction quasi-totale de la ville. La Reconstruction qui a duré une vingtaine d’années s’est traduite par un nouveau plan d’aménagement et différents types architecturaux nourris par un esprit de modernité.<br/>Source : anah.gouv.fr",https://remonterletemps.ign.fr/comparer/basic?x=-0.890151&y=48.837421&z=16&layer1=ORTHOIMAGERY.ORTHOPHOTOS.1950-1965&layer2=ORTHOIMAGERY.ORTHOPHOTOS&mode=vSlider
Brest,Finistère,Traces de l'Histoire,Observez les traces de la seconde guerre mondiale sur la ville de Brest,"La Seconde Guerre mondiale est une période particulièrement éprouvante pour Brest. Les bombardements alliés aboutissent à la destruction quasiment totale de la ville intra-muros. Malgré l’ampleur des dégâts, la Reconstruction de Brest est menée très rapidement de 1945 à 1961 grâce à l’architecte Jean-Baptiste Mathon qui pose une véritable réflexion sur l’aménagement urbain moderne.<br/>Source : brest.fr",https://remonterletemps.ign.fr/comparer/basic?x=-4.489793&y=48.386244&z=16&layer1=ORTHOIMAGERY.ORTHOPHOTOS.1950-1965&layer2=ORTHOIMAGERY.ORTHOPHOTOS&mode=vSlider
Kourou,Guyane,Urbanisation,Observez l'incroyable expansion de la ville de Kourou,"Sur la vue aérienne des années 50, Kourou est encore un bourg paisible d’environ 200 habitants en bordure du fleuve. Aujourd’hui, le ""Vieux Bourg"" est noyé dans un vaste ensemble urbain de plus de 24 000 habitants (chiffres 2023). Une expansion urbaine très rapide due à la création du centre spatial guyanais en 1964.<br/>Source : franceguyane.fr",https://remonterletemps.ign.fr/comparer/basic?x=-52.639724&y=5.161322&z=15&layer1=ORTHOIMAGERY.ORTHOPHOTOS.1950-1965&layer2=ORTHOIMAGERY.ORTHOPHOTOS&mode=vSlider
Port-la-Nouvelle,Aude,Urbanisation,Observez l'impact de l'extension de la ville sur le paysage,"L’étalement urbain correspond à une extension excessive des villes sur des espaces naturels ou agricoles par artificialisation de leurs sols. Ce phénomène a un impact direct sur l’environnement et la consommation énergétique.<br/>Source : ecologie.gouv.fr",https://remonterletemps.ign.fr/comparer/basic?x=3.051691&y=43.018808&z=15&layer1=ORTHOIMAGERY.ORTHOPHOTOS.1950-1965&layer2=ORTHOIMAGERY.ORTHOPHOTOS&mode=vSlider
Lacanau-Océan,Gironde,Urbanisation,Observez l'impact de l'extension de la ville sur le paysage,"L’étalement urbain correspond à une extension excessive des villes sur des espaces naturels ou agricoles par artificialisation de leurs sols. Ce phénomène a un impact direct sur l’environnement et la consommation énergétique.<br/>Source : ecologie.gouv.fr",https://remonterletemps.ign.fr/comparer/basic?x=-1.198432&y=45.001618&z=15&layer1=ORTHOIMAGERY.ORTHOPHOTOS.1950-1965&layer2=ORTHOIMAGERY.ORTHOPHOTOS&mode=hSlider
Sète,Hérault,Urbanisation,Observez l'impact de l'extension de la ville sur le paysage,"L’étalement urbain correspond à une extension excessive des villes sur des espaces naturels ou agricoles par artificialisation de leurs sols. Ce phénomène a un impact direct sur l’environnement et la consommation énergétique.<br/>Source : ecologie.gouv.fr",https://remonterletemps.ign.fr/comparer/basic?x=3.666060&y=43.402707&z=14&layer1=ORTHOIMAGERY.ORTHOPHOTOS.1950-1965&layer2=ORTHOIMAGERY.ORTHOPHOTOS&mode=vSlider
Palavas-les-Flots ,Hérault,Urbanisation,Observez l'impact de l'extension de la ville sur le paysage,"L’étalement urbain correspond à une extension excessive des villes sur des espaces naturels ou agricoles par artificialisation de leurs sols. Ce phénomène a un impact direct sur l’environnement et la consommation énergétique.<br/>Source : ecologie.gouv.fr",https://remonterletemps.ign.fr/comparer/basic?x=3.928523&y=43.529752&z=15&layer1=ORTHOIMAGERY.ORTHOPHOTOS.1950-1965&layer2=ORTHOIMAGERY.ORTHOPHOTOS&mode=vSlider
Saintes-Maries-de-la-Mer,Bouches-du-Rhône,Urbanisation,Observez l'impact de l'extension de la ville sur le paysage,"L’étalement urbain correspond à une extension excessive des villes sur des espaces naturels ou agricoles par artificialisation de leurs sols. Ce phénomène a un impact direct sur l’environnement et la consommation énergétique.<br/>Source : ecologie.gouv.fr",https://remonterletemps.ign.fr/comparer/basic?x=4.466717&y=43.461087&z=14&layer1=ORTHOIMAGERY.ORTHOPHOTOS.1950-1965&layer2=ORTHOIMAGERY.ORTHOPHOTOS&mode=vSlider
Valras-Plage,Hérault,Urbanisation,Observez l'impact de l'extension de la ville sur le paysage,"L’étalement urbain correspond à une extension excessive des villes sur des espaces naturels ou agricoles par artificialisation de leurs sols. Ce phénomène a un impact direct sur l’environnement et la consommation énergétique.<br/>Source : ecologie.gouv.fr",https://remonterletemps.ign.fr/comparer/basic?x=3.289923&y=43.249008&z=15&layer1=ORTHOIMAGERY.ORTHOPHOTOS.1950-1965&layer2=ORTHOIMAGERY.ORTHOPHOTOS&mode=hSlider
Fleury,Aude,Urbanisation,Observez l'impact de l'extension de la ville sur le paysage,"L’étalement urbain correspond à une extension excessive des villes sur des espaces naturels ou agricoles par artificialisation de leurs sols. Ce phénomène a un impact direct sur l’environnement et la consommation énergétique.<br/>Source : ecologie.gouv.fr",https://remonterletemps.ign.fr/comparer/basic?x=3.190369&y=43.181838&z=15&layer1=ORTHOIMAGERY.ORTHOPHOTOS.1950-1965&layer2=ORTHOIMAGERY.ORTHOPHOTOS&mode=hSlider
Narbonne,Aude,Urbanisation,Observez l'impact de l'extension de la ville sur le paysage,"L’étalement urbain correspond à une extension excessive des villes sur des espaces naturels ou agricoles par artificialisation de leurs sols. Ce phénomène a un impact direct sur l’environnement et la consommation énergétique.<br/>Source : ecologie.gouv.fr",https://remonterletemps.ign.fr/comparer/basic?x=3.163064&y=43.158994&z=15&layer1=ORTHOIMAGERY.ORTHOPHOTOS.1950-1965&layer2=ORTHOIMAGERY.ORTHOPHOTOS&mode=hSlider
Saintes-Maries-de-la-Mer,Bouches-du-Rhône,Urbanisation,Observez l'impact de l'extension de la ville sur le paysage,"L’étalement urbain correspond à une extension excessive des villes sur des espaces naturels ou agricoles par artificialisation de leurs sols. Ce phénomène a un impact direct sur l’environnement et la consommation énergétique.<br/>Source : ecologie.gouv.fr",https://remonterletemps.ign.fr/comparer/basic?x=4.466717&y=43.461087&z=14&layer1=ORTHOIMAGERY.ORTHOPHOTOS.1950-1965&layer2=ORTHOIMAGERY.ORTHOPHOTOS&mode=vSlider
Canet-en-Roussillon,Pyrénées-Orientales,Urbanisation,Observez l'impact de l'extension de la ville sur le paysage,"L’étalement urbain correspond à une extension excessive des villes sur des espaces naturels ou agricoles par artificialisation de leurs sols. Ce phénomène a un impact direct sur l’environnement et la consommation énergétique.<br/>Source : ecologie.gouv.fr",https://remonterletemps.ign.fr/comparer/basic?x=3.022575&y=42.697230&z=14&layer1=ORTHOIMAGERY.ORTHOPHOTOS.1950-1965&layer2=ORTHOIMAGERY.ORTHOPHOTOS&mode=hSlider
Saint-Cyprien,Pyrénées-Orientales,Urbanisation,Observez l'impact de l'extension de la ville sur le paysage,"L’étalement urbain correspond à une extension excessive des villes sur des espaces naturels ou agricoles par artificialisation de leurs sols. Ce phénomène a un impact direct sur l’environnement et la consommation énergétique.<br/>Source : ecologie.gouv.fr",https://remonterletemps.ign.fr/comparer/basic?x=3.021520&y=42.626635&z=14&layer1=ORTHOIMAGERY.ORTHOPHOTOS.1950-1965&layer2=ORTHOIMAGERY.ORTHOPHOTOS&mode=hSlider
Argelès-sur-Mer,Pyrénées-Orientales,Urbanisation,Observez l'impact de l'extension de la ville sur le paysage,"L’étalement urbain correspond à une extension excessive des villes sur des espaces naturels ou agricoles par artificialisation de leurs sols. Ce phénomène a un impact direct sur l’environnement et la consommation énergétique.<br/>Source : ecologie.gouv.fr",https://remonterletemps.ign.fr/comparer/basic?x=3.024694&y=42.545174&z=14&layer1=ORTHOIMAGERY.ORTHOPHOTOS.1950-1965&layer2=ORTHOIMAGERY.ORTHOPHOTOS&mode=vSlider
Boucau,Pyrénées-Atlantiques,Urbanisation,Observez l'impact de l'extension de la ville sur le paysage,"L’étalement urbain correspond à une extension excessive des villes sur des espaces naturels ou agricoles par artificialisation de leurs sols. Ce phénomène a un impact direct sur l’environnement et la consommation énergétique.<br/>Source : ecologie.gouv.fr",https://remonterletemps.ign.fr/comparer/basic?x=-1.481742&y=43.528559&z=14&layer1=ORTHOIMAGERY.ORTHOPHOTOS.1950-1965&layer2=ORTHOIMAGERY.ORTHOPHOTOS&mode=vSlider
Soorts-Hossegor,Landes,Urbanisation,Observez l'impact de l'extension de la ville sur le paysage,"L’étalement urbain correspond à une extension excessive des villes sur des espaces naturels ou agricoles par artificialisation de leurs sols. Ce phénomène a un impact direct sur l’environnement et la consommation énergétique.<br/>Source : ecologie.gouv.fr",https://remonterletemps.ign.fr/comparer/basic?x=-1.419499&y=43.658772&z=14&layer1=ORTHOIMAGERY.ORTHOPHOTOS.1950-1965&layer2=ORTHOIMAGERY.ORTHOPHOTOS&mode=hSlider
Arcachon,Gironde,Urbanisation,Observez l'impact de l'extension de la ville sur le paysage,"L’étalement urbain correspond à une extension excessive des villes sur des espaces naturels ou agricoles par artificialisation de leurs sols. Ce phénomène a un impact direct sur l’environnement et la consommation énergétique.<br/>Source : ecologie.gouv.fr",https://remonterletemps.ign.fr/comparer/basic?x=-1.186588&y=44.649847&z=14&layer1=ORTHOIMAGERY.ORTHOPHOTOS.1950-1965&layer2=ORTHOIMAGERY.ORTHOPHOTOS&mode=vSlider
Torcy,Seine et Mane,Urbanisation,Observez l'impact de l'extension de la ville sur le paysage,"L’étalement urbain correspond à une extension excessive des villes sur des espaces naturels ou agricoles par artificialisation de leurs sols. Ce phénomène a un impact direct sur l’environnement et la consommation énergétique.<br/>Source : ecologie.gouv.fr",https://remonterletemps.ign.fr/comparer/basic?x=2.547838&y=48.835808&z=14&layer1=ORTHOIMAGERY.ORTHOPHOTOS.1950-1965&layer2=ORTHOIMAGERY.ORTHOPHOTOS&mode=vSlider
Illzach,Haut-Rhin,Urbanisation,Observez l'impact de l'extension de la ville sur le paysage,"L’étalement urbain correspond à une extension excessive des villes sur des espaces naturels ou agricoles par artificialisation de leurs sols. Ce phénomène a un impact direct sur l’environnement et la consommation énergétique.<br/>Source : ecologie.gouv.fr",https://remonterletemps.ign.fr/comparer/basic?x=7.384445&y=47.772242&z=17&layer1=ORTHOIMAGERY.ORTHOPHOTOS&layer2=ORTHOIMAGERY.ORTHOPHOTOS.1950-1965&mode=vSlider
Douaumont-Vaux,Meuse,Forêt,Observez le reboisement de la forêt de Verdun  depuis le 19e siècle,"Fleury-devant-Douaumont, Louvemont-Côte-du-Poivre… ces villages entourés de champs (sur la carte de Cassini) seront détruits pendant la Grande Guerre. A partir de 1919, 10 000 hectares de forêt sont reboisés par l’État. La forêt domaniale de Verdun devient une Forêt d’Exception en 2013 pour la valeur mémorielle des lieux.<br/>Source : onf.fr",https://remonterletemps.ign.fr/comparer?lon=5.428749&lat=49.217073&z=10.5&layer1=9&layer2=1&mode=split-h
Issy-les-Moulineaux,Hauts-de-Seine,Forêt,Observez le reboisement de l'île Saint-Germain ,"L’île Saint-Germain accueille aujourd'hui un parc de 22 hectares mais ce ne fut pas toujours le cas. Dans les années 1930, l'île subit une urbanisation rapide. Elle est transformée en parc en 1980, après la démolition de 35 bâtiments et le reboisement par 1 500 arbres.<br/>Source : IGN - Atlas de l'anthropocène",https://remonterletemps.ign.fr/comparer?lon=2.255193&lat=48.825957&z=16&layer1=10&layer2=19&mode=split-h
Gérardmer,Vosges,Forêt,Observez l'expansion conjointe des forêts et des villes ,"Depuis quelques décennies, la commune de Gérardmer est témoin d'un phénomène spectaculaire : la forêt et la ville s'étendent pour remplacer progressivement les terres agricoles. Ce phénomène s’observe dans de nombreux lieux en France.<br/>Source : ign.fr",https://remonterletemps.ign.fr/comparer?lon=6.884742&lat=48.070145&z=14.7&layer1=10&layer2=19&mode=split-h
Xonrupt-Longemer,Vosges,Forêt,Observez l'expansion conjointe des forêts et des villes ,"Depuis quelques décennies, la commune de Xonrupt-Longemer est témoin d'un phénomène spectaculaire : la forêt et la ville s'étendent pour remplacer progressivement les terres agricoles. Ce phénomène s’observe dans de nombreux lieux en France. <br/>Source : ign.fr",https://remonterletemps.ign.fr/comparer?lon=6.919016&lat=48.078480&z=14.7&layer1=10&layer2=19&mode=split-h
Saint-Lary-Soulan,Hautes-Pyrénées,Forêt,Observez l'expansion conjointe de la ville et de la forêt ,"Depuis quelques décennies, la commune de Saint-Lary-Soulan est témoin d'un phénomène spectaculaire : la forêt et la ville s'étendent pour remplacer progressivement les terres agricoles. Ce phénomène s’observe dans de nombreux lieux en France.<br/>Source : ign.fr",https://remonterletemps.ign.fr/comparer?lon=0.323724&lat=42.821625&z=14.3&layer1=19&layer2=10&mode=split-h
Aubière, Puy-de-Dôme,Forêt,Observez l'expansion simultanée de la ville et de la forêt ,"Depuis quelques décennies, la commune d'Aubière est témoin d'un phénomène spectaculaire : la forêt et la ville s'étendent pour remplacer progressivement les terres agricoles. Ce phénomène s’observe dans de nombreux lieux en France.<br/>Source : ign.fr",https://remonterletemps.ign.fr/comparer?lon=3.112847&lat=45.745463&z=15&layer1=19&layer2=10&mode=split-h
Salbris,Loir-et-Cher,Forêt,Observez l'expansion simultanée de la ville et de la forêt ,"Depuis quelques décennies, la commune de Salbris est témoin d'un phénomène spectaculaire : la forêt et la ville s'étendent pour remplacer progressivement les terres agricoles. Ce phénomène s’observe dans de nombreux lieux en France. <br/>Source : ign.fr",https://remonterletemps.ign.fr/comparer?lon=2.059313&lat=47.428220&z=14&layer1=19&layer2=10&mode=split-h
Raismes,Nord,Environnement,"Observez la naissance d'un terril, cette montagne noire façonnée par l'homme","Les terrils sont des montagnes artificielles composées de résidus miniers. Ils ont été construits par l'homme lors de l'extraction du charbon au 20e siècle. Jadis dépréciés, les terrils sont considérés aujourd'hui comme des refuges exceptionnels pour une végétation sauvage avec des espèces souvent inconnues de la région.<br/>Le saviez-vous ? Certains terrils ont été réaménagés en lieux de loisirs ou de détente.<br/>Source : bassinminier-patrimoinemondial.org",https://remonterletemps.ign.fr/comparer?lon=3.500520&lat=50.402775&z=16&layer1=19&layer2=10&mode=split-h
Maisnil-lès-Ruitz,Pas-de-Calais,Environnement,"Observez la naissance d'un terril, cette montagne noire façonnée par l'homme","Les terrils sont des montagnes artificielles composées de résidus miniers. Ils ont été construits par l'homme lors de l'extraction du charbon au 20e siècle. Jadis dépréciés, les terrils sont considérés aujourd'hui comme des refuges exceptionnels pour une végétation sauvage avec des espèces souvent inconnues de la région.<br/>Le saviez-vous ? Certains terrils ont été réaménagés en lieux de loisirs ou de détente.<br/>Source : bassinminier-patrimoinemondial.org",https://remonterletemps.ign.fr/comparer?lon=2.569296&lat=50.459022&z=14.7&layer1=19&layer2=10&mode=split-h
Estevelles,Pas-de-Calais,Environnement,"Observez la naissance d'un terril, cette montagne noire façonnée par l'homme","Les terrils sont des montagnes artificielles composés de résidus miniers. Ils ont été construits par l'homme lors de l'extraction du charbon au 20e siècle. Jadis dépréciés, les terrils sont considérés aujourd'hui comme des refuges exceptionnels pour une végétation sauvage avec des espèces souvent inconnues de la région.<br/>Le saviez-vous ? Certains terrils ont été réaménagés en lieux de loisirs ou de détente.<br/>Source : bassinminier-patrimoinemondial.org",https://remonterletemps.ign.fr/comparer?lon=2.920116&lat=50.482008&z=15.4&layer1=19&layer2=10&mode=split-h
Haveluy,Nord,Environnement,"Observez la naissance d'un terril, cette montagne noire façonnée par l'homme","Les terrils sont des montagnes artificielles composées de résidus miniers. Ils ont été construits par l'homme lors de l'extraction du charbon au 20e siècle. Jadis dépréciés, les terrils sont considérés aujourd'hui comme des refuges exceptionnels pour une végétation sauvage avec des espèces souvent inconnues de la région.<br/>Le saviez-vous ? Certains terrils ont été réaménagés en lieux de loisirs ou de détente.<br/>Source : bassinminier-patrimoinemondial.org",https://remonterletemps.ign.fr/comparer?lon=3.408887&lat=50.355039&z=16.3&layer1=19&layer2=10&mode=split-h
Hénin-Beaumont,Pas-de-Calais,Environnement,"Observez la naissance d'un terril, cette montagne noire façonnée par l'homme","Les terrils sont des montagnes artificielles composées de résidus miniers. Ils ont été construits par l'homme lors de l'extraction du charbon au 20e siècle. Jadis dépréciés, les terrils sont considérés aujourd'hui comme des refuges exceptionnels pour une végétation sauvage avec des espèces souvent inconnues de la région.<br/>Le saviez-vous ? Certains terrils ont été réaménagés en lieux de loisirs ou de détente.<br/>Source : bassinminier-patrimoinemondial.org",https://remonterletemps.ign.fr/comparer?lon=2.929691&lat=50.404340&z=14.5&layer1=19&layer2=10&mode=split-h
Avion,Pas-de-Calais,Environnement,"Observez la naissance d'un terril, cette montagne noire façonnée par l'homme","Les terrils sont des montagnes artificielles composés de résidus miniers. Ils ont été construits par l'homme lors de l'extraction du charbon au 20e siècle. Jadis dépréciés, les terrils sont considérés aujourd'hui comme des refuges exceptionnels pour une végétation sauvage avec des espèces souvent inconnues de la région. Le terril de Pinchonvalles à Avion compte plus de 200 espèces végétales abritant oiseaux et batraciens et propose des sentiers de découverte.<br/>Source : bassinminier-patrimoinemondial.org",https://remonterletemps.ign.fr/comparer?lon=2.800306&lat=50.403773&z=14.3&layer1=19&layer2=10&mode=split-h
Cayenne,Guyane,Urbanisation,Observez le développement urbain de la ville de Cayenne,"La ville de Cayenne concentre à elle seule 52 % des habitants de la Guyane française. Les cartes montrent bien comment cette ville construite sur une zone marécageuse a grignoté l'espace naturel en 70 ans seulement. <br/>Source : IGN - Atlas de l'anthropocène",https://remonterletemps.ign.fr/comparer?lon=-52.320765&lat=4.928348&z=14.3&layer1=19&layer2=10&mode=split-h
Istres,Bouches-du-Rhône,Urbanisation,Observez l'étalement urbain d'Istres (ex-l'Étang-de-Berre) au fil du temps,"À partir de 1960, l’État développe la politique des villes nouvelles. Pour désengorger les métropoles et équilibrer les territoires, il crée neuf villes dotées de tous les équipements contrairement aux villes-dortoirs de banlieue. Cinq villes nouvelles naissent en Île-de-France et quatre en province dont celle d’Étang-de-Berre aujourd’hui intégrée à la métropole d’Aix-Marseille-Provence.<br/>Source : IGN - Atlas de l'anthropocène",https://remonterletemps.ign.fr/comparer/?lon=4.994598&lat=43.514428&z=15&layer1=19&layer2=10&mode=split-h
